{
  "accuracy": 0.9012675041649781,
  "precision": 0.9010615559174833,
  "recall": 0.9012675041649781,
  "f1_score": 0.9008774271705818,
  "classification_report": {
    "draw": {
      "precision": 0.8731721034870641,
      "recall": 0.7412270231558845,
      "f1-score": 0.8018076178179471,
      "support": 4189.0
    },
    "loss": {
      "precision": 0.9027375692010767,
      "recall": 0.8999265841371105,
      "f1-score": 0.9013298850137552,
      "support": 39501.0
    },
    "win": {
      "precision": 0.9021829114199817,
      "recall": 0.9172905683781509,
      "f1-score": 0.9096740181003427,
      "support": 45146.0
    },
    "accuracy": 0.9012675041649781,
    "macro avg": {
      "precision": 0.8926975280360407,
      "recall": 0.8528147252237153,
      "f1-score": 0.8709371736440149,
      "support": 88836.0
    },
    "weighted avg": {
      "precision": 0.9010615559174833,
      "recall": 0.9012675041649781,
      "f1-score": 0.9008774271705818,
      "support": 88836.0
    }
  },
  "confusion_matrix": [
    [
      3105,
      364,
      720
    ],
    [
      183,
      35548,
      3770
    ],
    [
      268,
      3466,
      41412
    ]
  ],
  "classes": [
    "draw",
    "loss",
    "win"
  ]
}